tiempo,
2024-01-21,0:00:00
2024-01-22,0:00:00
2024-01-23,0:00:00
2024-01-24,0:00:00
2024-01-25,0:00:00
2024-01-26,0:00:00
2024-01-27,0:00:00
2024-01-28,0:00:00
2024-01-29,0:00:00
2024-01-30,0:00:00
2024-01-31,0:00:00
2024-02-01,0:00:00
2024-02-02,0:00:00
2024-02-03,0:00:00
2024-02-04,0:00:00
2024-02-05,0:00:00
2024-02-06,0:00:00
2024-02-07,0:00:00
2024-02-08,0:00:00
2024-02-09,0:00:00
2024-02-10,0:00:00
2024-02-11,0:00:00
2024-02-12,0:00:00
2024-02-13,0:00:00
2024-02-14,0:00:00
2024-02-15,0:00:00
2024-02-16,0:00:00
2024-02-17,0:00:00
2024-02-18,0:00:00